
insert into SEGURO_MEDICO (ID_SEGURO, NOMBRE_SEGURO)
values (100, 'LA COSTA PLAN A');

insert into SEGURO_MEDICO (ID_SEGURO, NOMBRE_SEGURO)
values (101, 'LA COSTA PLAN VIP');

insert into SEGURO_MEDICO (ID_SEGURO, NOMBRE_SEGURO)
values (102, 'ASISMED VIP');

insert into SEGURO_MEDICO (ID_SEGURO, NOMBRE_SEGURO)
values (103, 'ASISMED PLATINO');


insert into HORARIO (NRO_TURNO, HORA_INICIO)
values (4, '10:00');

insert into HORARIO (NRO_TURNO, HORA_INICIO)
values (5, '11:00');

insert into HORARIO (NRO_TURNO, HORA_INICIO)
values (6, '12:00');

insert into HORARIO (NRO_TURNO, HORA_INICIO)
values (7, '13:00');

insert into HORARIO (NRO_TURNO, HORA_INICIO)
values (8, '14:00');

insert into HORARIO (NRO_TURNO, HORA_INICIO)
values (9, '15:00');

insert into HORARIO (NRO_TURNO, HORA_INICIO)
values (10, '16:00');

insert into HORARIO (NRO_TURNO, HORA_INICIO)
values (11, '17:00');

insert into HORARIO (NRO_TURNO, HORA_INICIO)
values (12, '18:00');

insert into HORARIO (NRO_TURNO, HORA_INICIO)
values (1, '07:00');

insert into HORARIO (NRO_TURNO, HORA_INICIO)
values (2, '08:00');

insert into HORARIO (NRO_TURNO, HORA_INICIO)
values (3, '09:00');


insert into FISIOTERAPEUTA (COD_FISIOTERAPEUTA, NOMBRE, APELLIDO)
values (1, 'MANUEL', 'DOMINGUEZ');

insert into FISIOTERAPEUTA (COD_FISIOTERAPEUTA, NOMBRE, APELLIDO)
values (2, 'MIRNA', 'JARA');


insert into PACIENTE (CEDULA, NOMBRE, APELLIDO, FECHA_NACIMIENTO, DIRECCION, TELEFONO, CORREO_ELECTRONICO, ID_SEGURO)
values ('5048305', 'JUAN', 'SOSA', to_date('01-05-1990', 'dd-mm-yyyy'), 'XX', '562314', 'XX', 100);

insert into PACIENTE (CEDULA, NOMBRE, APELLIDO, FECHA_NACIMIENTO, DIRECCION, TELEFONO, CORREO_ELECTRONICO, ID_SEGURO)
values ('3256415', 'ANGEL', 'PEREZ', to_date('05-06-1992', 'dd-mm-yyyy'), 'YY', '584784', 'YY', 102);

insert into PACIENTE (CEDULA, NOMBRE, APELLIDO, FECHA_NACIMIENTO, DIRECCION, TELEFONO, CORREO_ELECTRONICO, ID_SEGURO)
values ('2589741', 'PAOLA', 'ROA', to_date('15-07-1980', 'dd-mm-yyyy'), 'ZZ', '632451', 'ZZ', 101);


insert into TRATAMIENTO (ID_TRATAMIENTO, DESCRIPCION, NRO_SESIONES, CEDULA, NRO_TURNO, COD_FISIOTERAPEUTA, FECHA_INICIO, FECHA_FIN, OBSERVACION)
values (1200, 'PRUEBA1', 10, '5048305', 1, 1, to_date('05-06-2019', 'dd-mm-yyyy'), null, 'PRUEBA1');

insert into TRATAMIENTO (ID_TRATAMIENTO, DESCRIPCION, NRO_SESIONES, CEDULA, NRO_TURNO, COD_FISIOTERAPEUTA, FECHA_INICIO, FECHA_FIN, OBSERVACION)
values (1201, 'PRUEBA2', 8, '3256415', 2, 2, to_date('06-06-2019', 'dd-mm-yyyy'), null, 'PRUEBA2');

insert into TRATAMIENTO (ID_TRATAMIENTO, DESCRIPCION, NRO_SESIONES, CEDULA, NRO_TURNO, COD_FISIOTERAPEUTA, FECHA_INICIO, FECHA_FIN, OBSERVACION)
values (1202, 'PRUEBA3', 12, '2589741', 1, 1, to_date('01-06-2019', 'dd-mm-yyyy'), null, 'PRUEBA3');


insert into EQUIPAMIENTO (ID_APARATO, NOMBRE, CARACTERISTICAS)
values (10, 'EQUIPO1', 'EQUIPO1');

insert into EQUIPAMIENTO (ID_APARATO, NOMBRE, CARACTERISTICAS)
values (11, 'EQUIPO2', 'EQUIPO2');

insert into EQUIPAMIENTO (ID_APARATO, NOMBRE, CARACTERISTICAS)
values (12, 'EQUIPO3', 'EQUIPO3');

insert into EQUIPAMIENTO (ID_APARATO, NOMBRE, CARACTERISTICAS)
values (13, 'EQUIPO4', 'EQUIPO4');

insert into EQUIPAMIENTO (ID_APARATO, NOMBRE, CARACTERISTICAS)
values (14, 'EQUIPO5', 'EQUIPO5');

insert into EQUIPAMIENTO (ID_APARATO, NOMBRE, CARACTERISTICAS)
values (15, 'EQUIPO6', 'EQUIPO6');

insert into EQUIPAMIENTO_UTILIZADO (ID_TRATAMIENTO, ID_APARATO)
values (1200, 10);

insert into EQUIPAMIENTO_UTILIZADO (ID_TRATAMIENTO, ID_APARATO)
values (1200, 12);

insert into EQUIPAMIENTO_UTILIZADO (ID_TRATAMIENTO, ID_APARATO)
values (1201, 10);

insert into EQUIPAMIENTO_UTILIZADO (ID_TRATAMIENTO, ID_APARATO)
values (1201, 11);

insert into EQUIPAMIENTO_UTILIZADO (ID_TRATAMIENTO, ID_APARATO)
values (1201, 13);

insert into EQUIPAMIENTO_UTILIZADO (ID_TRATAMIENTO, ID_APARATO)
values (1202, 14);

insert into EQUIPAMIENTO_UTILIZADO (ID_TRATAMIENTO, ID_APARATO)
values (1202, 15);


insert into FERIADO (DIA_FERIADO)
values (to_date('04-03-2019', 'dd-mm-yyyy'));

insert into FERIADO (DIA_FERIADO)
values (to_date('14-05-2019', 'dd-mm-yyyy'));

insert into FERIADO (DIA_FERIADO)
values (to_date('15-05-2019', 'dd-mm-yyyy'));

insert into FERIADO (DIA_FERIADO)
values (to_date('15-08-2019', 'dd-mm-yyyy'));

insert into FERIADO (DIA_FERIADO)
values (to_date('17-06-2019', 'dd-mm-yyyy'));

COMMIT;


